{"RFC Acc": 0.8770491803278688, "_timestamp": 1681375491.0934465, "_runtime": 7.52789044380188, "_step": 0, "_wandb": {"runtime": 1}}