{"Log Acc": 0.7704918032786885, "_timestamp": 1681201823.6877296, "_runtime": 252.6289656162262, "_step": 0, "_wandb": {"runtime": 1}}