{"RFC Acc": 0.8770491803278688, "_timestamp": 1681369343.76566, "_runtime": 4.569501161575317, "_step": 0, "_wandb": {"runtime": 1}}