{"accuracy": 0.9877551020408163, "_timestamp": 1681201458.8106077, "_runtime": 641.8014087677002, "_step": 0, "_wandb": {"runtime": 0}}