{"Log Acc": 0.7131147540983607, "SVM Acc": 0.8442622950819673, "RFC Acc": 0.8770491803278688, "XGB Acc": 0.8688524590163934, "NNB Acc": 0.7950819672131147, "_timestamp": 1681276959.5621338, "_runtime": 2.1805427074432373, "_step": 0, "_wandb": {"runtime": 0}}