{"Log Acc": 0.7704918032786885, "SVM Acc": 0.7786885245901639, "_timestamp": 1681201983.9895346, "_runtime": 5.983301639556885, "_step": 0, "_wandb": {"runtime": 0}}