{"RFC Acc": 0.8770491803278688, "_timestamp": 1681300909.9994042, "_runtime": 3.107001304626465, "_step": 0, "_wandb": {"runtime": 0}}