{"Log Acc": 0.7704918032786885, "_timestamp": 1681201961.6479595, "_runtime": 3.9472885131835938, "_step": 0, "_wandb": {"runtime": 0}}