{"Log Acc": 0.7704918032786885, "SVM Acc": 0.7786885245901639, "RFC Acc": 0.9836065573770492, "XGB Acc": 1.0, "NNB Acc": 0.6721311475409836, "_timestamp": 1681202074.1152658, "_runtime": 2.950079917907715, "_step": 0, "_wandb": {"runtime": 0}}